{
	"variables": [],
	"info": {
		"name": "Hackathon-user",
		"_postman_id": "c2f85890-4c6e-151b-8cec-260bea286d47",
		"description": "",
		"schema": "https://schema.getpostman.com/json/collection/v2.0.0/collection.json"
	},
	"item": [
		{
			"name": "Get token",
			"request": {
				"url": "https://77a3867b-cce0-423d-a8ec-448d20426984.predix-uaa.run.aws-usw02-pr.ice.predix.io/oauth/token",
				"method": "POST",
				"header": [
					{
						"key": "Authorization",
						"value": "Basic <Base64 encoded id and secret>",
						"description": ""
					},
					{
						"key": "Content-Type",
						"value": "application/x-www-form-urlencoded",
						"description": ""
					}
				],
				"body": {
					"mode": "raw",
					"raw": "grant_type=client_credentials"
				},
				"description": ""
			},
			"response": []
		},
		{
			"name": "Get All Tags",
			"request": {
				"url": "https://time-series-store-predix.run.aws-usw02-pr.ice.predix.io/v1/tags",
				"method": "GET",
				"header": [
					{
						"key": "Authorization",
						"value": "bearer  <OAuth Token obtained from UAA>",
						"description": ""
					},
					{
						"key": "Predix-Zone-Id",
						"value": "f3e1ef27-9543-4b5e-a15f-186eeeea36d3",
						"description": ""
					},
					{
						"key": "content-type",
						"value": "application/json",
						"description": ""
					}
				],
				"body": {
					"mode": "raw",
					"raw": "{\n  \"start\": \"1y-ago\",\n  \"tags\": [\n    {\n      \"name\": \"Compressor-2015:CompressionRatio\",\n      \"order\": \"desc\",\n      \"limit\": 2\n    }\n  ]\n}"
				},
				"description": ""
			},
			"response": []
		},
		{
			"name": "Get Data",
			"request": {
				"url": "https://time-series-store-predix.run.aws-usw02-pr.ice.predix.io/v1/datapoints",
				"method": "POST",
				"header": [
					{
						"key": "Authorization",
						"value": "bearer <OAuth Token obtained from UAA>",
						"description": ""
					},
					{
						"key": "Predix-Zone-Id",
						"value": "f3e1ef27-9543-4b5e-a15f-186eeeea36d3",
						"description": ""
					},
					{
						"key": "Content-Type",
						"value": "application/json",
						"description": ""
					}
				],
				"body": {
					"mode": "raw",
					"raw": "{\n  \"tags\": [\n    {\n      \"name\": \"Humidity:STORAGE1\",\n      \"order\": \"desc\"\n    }\n  ],\n  \"start\": 1501276077\n\t\n}"
				},
				"description": ""
			},
			"response": []
		}
	]
}